time_s,area_cm2,length_cm,series_id
0.0,72.66392593252591,10.973524447973805,patient11_2CH
1.0,64.44016586164851,10.471849359680615,patient11_2CH
