fps,EF_est,EDV,ESV,EF_err
1000,55.18518518518517,226.1946710584651,101.36872295583069,0.0
60,55.18518518518517,226.1946710584651,101.36872295583069,0.0
30,55.000724884917226,225.79518309500975,101.60619563752832,-0.18446030026794347
20,55.18518518518517,226.1946710584651,101.36872295583069,0.0
15,54.99047612686502,225.7437690830016,101.60619563752832,-0.19470905832015006
10,53.366394814004366,222.34154110425365,103.68587644301584,-1.8187903711808033
8,53.366394814004366,222.34154110425365,103.68587644301584,-1.8187903711808033
5,53.366394814004366,222.34154110425365,103.68587644301584,-1.8187903711808033
