time_s,area_cm2,length_cm,series_id
0.0,66.69698039719094,11.28386537573338,patient15_2CH
1.0,52.001598316447854,11.357684483363863,patient15_2CH
