time_s,area_cm2,length_cm,series_id
0.0,65.77964552713229,11.081401028780956,patient13_2CH
1.0,64.12426874507194,11.569777907988314,patient13_2CH
