time_s,area_cm2,length_cm,series_id
0.0,59.13916559909655,12.708902410648168,patient14_2CH
1.0,52.86770662706165,13.202144969733322,patient14_2CH
