time_s,area_cm2,length_cm,series_id
0.0,80.84784312383509,13.079423239164512,patient12_2CH
1.0,71.46199906555144,13.61245862452989,patient12_2CH
