time_s,area_cm2,length_cm,series_id
0.0,65.18484825357822,11.258677800466025,patient10_2CH
1.0,55.51061763841988,11.912598898222381,patient10_2CH
